{
  "train_loss": [
    0.744612562112536,
    0.3930007171156756,
    0.3127104640042612,
    0.25605054168017494,
    0.23185756169441965,
    0.21533980189145116,
    0.19951119839034598,
    0.18914606396052583,
    0.17903854860693383,
    0.16082380347906658
  ],
  "train_acc": [
    81.2492535530873,
    89.54974322226204,
    91.74728293323778,
    93.09685895139138,
    93.6163860026275,
    94.2374298339902,
    94.65544010509973,
    94.85847366535292,
    95.05553565030455,
    95.61089215335005
  ],
  "val_loss": [
    0.7684624707724447,
    0.4086553121783268,
    0.463623166988253,
    0.28440504785736564,
    0.5212149455919168,
    0.2863942812874661,
    0.35372794983436534,
    0.2262199678101715,
    0.288286206996011,
    0.2636099828365796
  ],
  "val_acc": [
    80.10508717458801,
    89.49128254119896,
    87.43730594697874,
    92.73943157391928,
    86.91187007403869,
    92.78719847145928,
    90.9481729161691,
    94.0052543587294,
    92.54836398375926,
    93.67088607594937
  ]
}